Date,PR,GHI
01-07-2019,69.57567588,3.256608333
02-07-2019,79.31441128,3.976766667
03-07-2019,61.02000579,2.811866667
04-07-2019,83.26257616,3.658408333
05-07-2019,82.12444039,5.590683333
06-07-2019,82.76417228,5.179733333
07-07-2019,69.92450703,4.120733333
08-07-2019,84.78915116,5.707991667
09-07-2019,79.15239303,6.469825
10-07-2019,69.0858989,5.811891667
11-07-2019,70.93888623,6.261125
12-07-2019,72.4561298,6.404208333
13-07-2019,82.22091259,5.996333333
14-07-2019,71.86190426,6.084766667
15-07-2019,71.17281927,5.092958333
16-07-2019,74.83322027,3.32445
17-07-2019,81.27245261,1.661191667
18-07-2019,62.76812143,3.641041667
19-07-2019,60.52690499,4.51005
20-07-2019,76.94910025,4.622266667
21-07-2019,65.36504375,4.940125
22-07-2019,60.24257169,5.558991667
23-07-2019,79.32111993,5.547308333
24-07-2019,75.44610622,6.427508333
25-07-2019,76.36421888,3.8688
26-07-2019,70.66236611,6.74835
27-07-2019,61.16419358,4.966391667
28-07-2019,68.92173916,3.974058333
29-07-2019,76.29448028,4.118708333
30-07-2019,78.96251489,5.475133333
31-07-2019,83.30060519,5.032158333
01-08-2019,63.13507679,4.860941667
02-08-2019,79.00013668,3.657125
03-08-2019,67.11638614,3.925425
04-08-2019,78.09573286,4.879466667
05-08-2019,82.72169284,4.471466667
06-08-2019,81.31577325,2.410733333
07-08-2019,77.85296729,2.326983333
08-08-2019,72.92912895,3.530166667
09-08-2019,76.33996613,3.053108333
10-08-2019,76.52966533,3.532608333
11-08-2019,74.37988669,4.233616667
12-08-2019,60.66216854,4.935833333
13-08-2019,81.58867858,6.107708333
14-08-2019,65.42674584,5.945841667
15-08-2019,67.91924654,5.121266667
16-08-2019,65.22271942,5.110308333
17-08-2019,81.27025628,4.57005
18-08-2019,62.1202638,5.784266667
19-08-2019,73.38961958,6.238091667
20-08-2019,79.89516234,4.469258333
21-08-2019,79.63740059,4.319041667
22-08-2019,63.4100524,4.894641667
23-08-2019,61.57263172,6.059475
24-08-2019,67.21930321,5.11375
25-08-2019,63.19590068,5.133858333
26-08-2019,66.3089646,4.25785
27-08-2019,60.72209595,6.652741667
28-08-2019,63.08059253,5.018358333
29-08-2019,71.60160175,2.875591667
30-08-2019,63.56445765,3.195216667
31-08-2019,77.71123097,6.1398
01-09-2019,62.14144711,4.582075
02-09-2019,68.21678227,2.78235
03-09-2019,66.44978731,2.914716667
04-09-2019,73.52279742,2.924125
05-09-2019,65.59199065,4.055225
06-09-2019,66.40701216,5.574541667
07-09-2019,71.92436714,2.775916667
08-09-2019,84.64357472,4.570908333
09-09-2019,75.98908476,4.864208333
10-09-2019,72.42388865,5.792425
11-09-2019,84.22859566,5.639958333
12-09-2019,81.54786406,6.476283333
13-09-2019,80.21786497,2.53245
14-09-2019,63.96117672,2.974508333
15-09-2019,69.29612483,2.552158333
16-09-2019,63.65162517,1.98435
17-09-2019,61.67436516,2.967916667
18-09-2019,71.47531581,1.494691667
19-09-2019,72.71470361,4.91405
20-09-2019,76.01707319,3.92075
21-09-2019,82.28355411,4.271341667
22-09-2019,72.49029611,3.994125
23-09-2019,76.80468408,4.478916667
24-09-2019,65.94358811,5.927058333
25-09-2019,77.5996692,5.151191667
26-09-2019,78.68319327,4.275775
27-09-2019,80.31828879,5.9795
28-09-2019,82.97936701,5.166
29-09-2019,76.0790729,5.962158333
30-09-2019,84.59746407,4.655391667
01-10-2019,79.92690389,6.280383333
02-10-2019,79.62610528,3.846975
03-10-2019,65.92235187,5.304516667
04-10-2019,66.65418229,5.0467
05-10-2019,76.60160639,5.760425
06-10-2019,76.5588171,4.48295
07-10-2019,83.77956872,5.44895
08-10-2019,83.61471439,5.028433333
09-10-2019,75.66140406,4.364933333
10-10-2019,80.04870457,4.664875
11-10-2019,70.29808375,4.926133333
12-10-2019,81.90221019,4.569933333
13-10-2019,73.25820899,4.226025
14-10-2019,66.72883504,6.398408333
15-10-2019,76.57787357,5.518016667
16-10-2019,77.0655894,5.176558333
17-10-2019,81.46022721,6.094358333
18-10-2019,73.77075529,4.18685
19-10-2019,72.74535741,4.9675
20-10-2019,66.34754947,5.845408333
21-10-2019,66.41490897,4.296116667
22-10-2019,63.29654995,4.150366667
23-10-2019,69.10798905,4.634425
24-10-2019,61.90249418,4.577158333
25-10-2019,64.60979865,4.926375
26-10-2019,63.8697312,5.485858333
27-10-2019,71.29737388,5.982341667
28-10-2019,67.22986725,5.172216667
29-10-2019,70.37343202,6.041108333
30-10-2019,68.12164532,5.4497
31-10-2019,77.64830877,2.721441667
01-11-2019,77.83458247,4.808541667
02-11-2019,64.80290631,4.273133333
03-11-2019,74.45366818,3.964708333
04-11-2019,83.34200991,4.952183333
05-11-2019,75.8734639,4.840366667
06-11-2019,66.2641216,3.10135
07-11-2019,71.0687666,3.981483333
08-11-2019,64.52656177,4.995958333
09-11-2019,70.12474905,4.715275
10-11-2019,69.36295341,2.07705
11-11-2019,64.81060316,1.413825
12-11-2019,77.92843953,5.475458333
13-11-2019,69.52200661,5.075183333
14-11-2019,84.96615776,4.823908333
15-11-2019,79.54801003,5.309941667
16-11-2019,82.33174394,3.784533333
17-11-2019,84.41106839,4.245008333
18-11-2019,65.07227211,4.003975
19-11-2019,62.04307056,4.947675
20-11-2019,72.24861764,4.982625
21-11-2019,76.42463244,5.125883333
22-11-2019,71.74904906,5.070808333
23-11-2019,74.73660121,4.5307
24-11-2019,68.60481354,4.63165
25-11-2019,73.4381668,5.065966667
26-11-2019,75.72524717,5.144575
27-11-2019,81.48757264,4.909691667
28-11-2019,65.5584894,5.075216667
29-11-2019,78.72331671,5.35635
30-11-2019,60.77978722,4.935858333
01-12-2019,61.25222241,5.164416667
02-12-2019,61.31309634,4.657616667
03-12-2019,60.40035154,3.829925
04-12-2019,80.60564465,4.460291667
05-12-2019,73.77890815,4.068883333
06-12-2019,83.93623574,5.344333333
07-12-2019,80.91636115,4.428558333
08-12-2019,81.46790449,5.077075
09-12-2019,61.30788505,5.0002
10-12-2019,60.54377212,4.376766667
11-12-2019,68.95062491,5.168558333
12-12-2019,76.98429416,4.644183333
13-12-2019,75.90255117,4.143758333
14-12-2019,84.88059762,4.925783333
15-12-2019,76.07204674,5.208358333
16-12-2019,78.14347624,4.99965
17-12-2019,77.94346736,4.757833333
18-12-2019,70.36822921,4.156325
19-12-2019,78.06714009,3.243291667
20-12-2019,64.69162537,4.259316667
21-12-2019,82.21676331,4.399291667
22-12-2019,60.49224797,4.312083333
23-12-2019,80.25737052,4.073933333
24-12-2019,67.74430231,3.98975
25-12-2019,67.63623348,4.621975
26-12-2019,75.19495773,3.447866667
27-12-2019,75.95471354,4.633091667
28-12-2019,76.32490555,4.370766667
29-12-2019,73.80300758,4.674466667
30-12-2019,84.08749907,3.726258333
31-12-2019,80.96501977,4.288491667
01-01-2020,83.70730941,5.07465
02-01-2020,68.11311075,4.731758333
03-01-2020,63.18895586,4.44045
04-01-2020,60.44237102,3.618475
05-01-2020,81.86359152,4.872125
06-01-2020,70.89008782,4.023158333
07-01-2020,67.39285215,4.219875
08-01-2020,64.29792409,3.9045
09-01-2020,65.62512904,4.863875
10-01-2020,72.34655683,4.460858333
11-01-2020,65.55901557,3.445625
12-01-2020,65.92991342,2.95095
13-01-2020,67.91174794,4.940891667
14-01-2020,74.22727911,5.287825
15-01-2020,69.69250469,5.303925
16-01-2020,72.97746538,4.468491667
17-01-2020,80.58311758,4.801725
18-01-2020,77.46247881,3.778675
19-01-2020,66.24289263,4.791725
20-01-2020,72.96244806,5.269483333
21-01-2020,82.20132235,4.84485
22-01-2020,79.48746197,4.168266667
23-01-2020,83.05266113,4.586733333
24-01-2020,68.40994828,5.462783333
25-01-2020,76.61827091,5.043483333
26-01-2020,61.44432892,5.185541667
27-01-2020,84.4285727,4.759466667
28-01-2020,79.5164149,5.548808333
29-01-2020,74.37671701,4.882208333
30-01-2020,72.74831232,4.496141667
31-01-2020,74.59827958,4.346266667
01-02-2020,71.53914034,3.808933333
02-02-2020,81.08305582,4.807375
03-02-2020,76.69208752,5.049441667
04-02-2020,60.07748076,4.772808333
05-02-2020,79.76798567,5.172516667
06-02-2020,68.61560135,4.62125
07-02-2020,68.221907,5.256708333
08-02-2020,67.14574438,4.639883333
09-02-2020,76.95976768,3.420391667
10-02-2020,81.43525406,4.015516667
11-02-2020,69.42633522,5.081233333
12-02-2020,64.03814869,4.590058333
13-02-2020,70.12644246,5.550083333
14-02-2020,82.65052929,4.707008333
15-02-2020,72.65061161,5.042708333
16-02-2020,75.54118779,4.418366667
17-02-2020,81.3842326,5.067591667
18-02-2020,77.90623055,5.636816667
19-02-2020,76.79041536,6.350425
20-02-2020,83.89612571,5.145483333
21-02-2020,83.53209907,5.7667
22-02-2020,69.68113594,6.243441667
23-02-2020,60.06530537,6.434125
24-02-2020,62.6673872,6.1229
25-02-2020,78.0071967,5.188775
26-02-2020,65.72326849,5.680933333
27-02-2020,65.54940032,5.403366667
28-02-2020,64.56595764,6.12265
29-02-2020,82.30482922,5.796691667
01-03-2020,74.88923695,5.176516667
02-03-2020,63.66429443,4.816608333
03-03-2020,72.6161465,4.1532
04-03-2020,70.46245743,4.285125
05-03-2020,62.78228328,4.463325
06-03-2020,83.10785383,3.399758333
07-03-2020,62.56384478,5.052308333
08-03-2020,78.41201713,4.931158333
09-03-2020,70.01554065,4.916208333
10-03-2020,79.59305672,5.029041667
11-03-2020,70.73858114,4.954483333
12-03-2020,61.86801705,6.153458333
13-03-2020,82.27915168,6.144225
14-03-2020,75.00459407,5.178616667
15-03-2020,64.78337215,6.693333333
16-03-2020,81.32610463,6.1471
17-03-2020,66.79593751,5.987283333
18-03-2020,74.95654113,5.698666667
19-03-2020,73.80255292,5.195333333
20-03-2020,70.69409106,6.153958333
21-03-2020,81.5368371,6.044691667
22-03-2020,72.19813593,6.300491667
23-03-2020,77.8618266,5.735908333
24-03-2020,77.59843007,5.065016667
25-03-2020,66.46583975,5.75035
26-03-2020,65.64295468,5.283633333
27-03-2020,78.16473702,5.239491667
28-03-2020,73.16790602,4.19995
29-03-2020,78.50808763,5.704341667
30-03-2020,75.83693391,5.285141667
31-03-2020,60.67226397,4.233066667
01-04-2020,82.11412349,5.621783333
02-04-2020,74.55928009,5.678833333
03-04-2020,66.57508661,6.185891667
04-04-2020,62.87570892,5.683275
05-04-2020,75.3222915,6.892741667
06-04-2020,81.68313782,5.083058333
07-04-2020,61.78406378,4.884625
08-04-2020,77.17234434,3.9222
09-04-2020,60.87938942,5.728558333
10-04-2020,71.28257684,5.737091667
11-04-2020,82.41476398,4.889091667
12-04-2020,76.130166,5.596908333
13-04-2020,75.91324908,1.867816667
14-04-2020,70.20791599,4.534533333
15-04-2020,66.79622733,4.452058333
16-04-2020,77.3903263,5.429983333
17-04-2020,84.3892094,4.472725
18-04-2020,77.60284402,5.449091667
19-04-2020,80.89820241,5.1757
20-04-2020,79.2948459,5.584291667
21-04-2020,76.03952017,6.457483333
22-04-2020,77.48334589,4.577166667
23-04-2020,62.82706934,5.740241667
24-04-2020,84.1218026,5.062733333
25-04-2020,65.11002022,5.805525
26-04-2020,75.44146139,5.5169
27-04-2020,81.05356964,6.154783333
28-04-2020,64.64080488,5.878933333
29-04-2020,74.85887606,6.08545
30-04-2020,63.15958673,5.207166667
01-05-2020,66.45267836,6.03805
02-05-2020,72.70199367,4.663708333
03-05-2020,61.52043168,5.464791667
04-05-2020,83.57701162,4.592633333
05-05-2020,72.70031641,4.253583333
06-05-2020,64.16616159,4.880816667
07-05-2020,73.66441626,4.841466667
08-05-2020,79.27741162,4.510683333
09-05-2020,75.53316584,4.7767
10-05-2020,77.48359923,5.5035
11-05-2020,62.99092766,3.838958333
12-05-2020,83.66946472,4.668425
13-05-2020,61.29004466,5.32895
14-05-2020,79.66622125,5.247483333
15-05-2020,73.66880954,5.217991667
16-05-2020,60.20311141,4.272483333
17-05-2020,70.90608973,4.650916667
18-05-2020,74.52685415,6.124416667
19-05-2020,67.26114675,6.448066667
20-05-2020,70.21361199,3.399866667
21-05-2020,82.32711052,6.2427
22-05-2020,80.67790069,6.165941667
23-05-2020,62.74954517,1.4891
24-05-2020,81.82315425,5.269075
25-05-2020,75.91676788,4.344958333
26-05-2020,67.16432717,6.278041667
27-05-2020,75.5982992,5.529083333
28-05-2020,60.14444599,4.094625
29-05-2020,78.11811297,3.191908333
30-05-2020,74.37539486,4.843125
31-05-2020,79.16048578,5.349741667
01-06-2020,71.53446031,5.753025
02-06-2020,64.08646177,5.967441667
03-06-2020,80.38717989,6.481433333
04-06-2020,60.82239997,3.482566667
05-06-2020,75.2775677,6.091116667
06-06-2020,80.05087178,4.356791667
07-06-2020,76.95485378,5.720458333
08-06-2020,77.23057649,6.532991667
09-06-2020,61.45226716,3.159608333
10-06-2020,80.56177209,2.94105
11-06-2020,80.49167267,4.143441667
12-06-2020,76.09915651,5.833833333
13-06-2020,79.12138992,4.894733333
14-06-2020,69.28932896,2.969216667
15-06-2020,81.96849911,4.313208333
16-06-2020,77.38420173,4.991241667
17-06-2020,80.78633305,5.370116667
18-06-2020,70.69656628,6.145133333
19-06-2020,63.21001611,3.97175
20-06-2020,65.50143335,5.586458333
21-06-2020,60.59029075,3.6268
22-06-2020,71.52459314,5.206775
23-06-2020,76.83622871,5.4909
24-06-2020,65.04704193,4.751008333
25-06-2020,70.15457285,3.24855
26-06-2020,74.3154578,5.469508333
27-06-2020,74.96356782,5.332758333
28-06-2020,77.37486539,3.041866667
29-06-2020,70.47128212,2.168291667
30-06-2020,65.03854779,2.612158333
01-07-2020,60.27022685,4.446141667
02-07-2020,72.57201088,5.703241667
03-07-2020,60.52503388,4.314441667
04-07-2020,69.59664044,5.0388
05-07-2020,61.4168444,3.555841667
06-07-2020,60.63686397,3.430008333
07-07-2020,70.1795035,5.052775
08-07-2020,70.98429495,4.669158333
09-07-2020,62.52589819,4.819108333
10-07-2020,79.04237853,5.808341667
11-07-2020,61.03987646,5.056216667
12-07-2020,83.20947604,5.706333333
13-07-2020,79.82261729,5.080458333
14-07-2020,83.21232225,6.802625
15-07-2020,82.87603269,6.373325
16-07-2020,84.72339623,3.385833333
17-07-2020,70.1763765,4.903241667
18-07-2020,63.41637107,3.602683333
19-07-2020,74.51663485,5.185658333
20-07-2020,61.60675397,4.802258333
21-07-2020,74.38164019,3.878741667
22-07-2020,68.78996992,5.033941667
23-07-2020,80.34768649,5.238233333
24-07-2020,83.21377527,4.326291667
25-07-2020,63.95863352,5.342891667
26-07-2020,74.81788739,4.191575
27-07-2020,78.84769573,6.463783333
28-07-2020,73.53916359,4.672008333
29-07-2020,84.27499891,5.826408333
30-07-2020,76.33637825,5.928366667
31-07-2020,81.89387409,2.833108333
01-08-2020,60.48325108,4.023816667
02-08-2020,75.23499646,3.128775
03-08-2020,68.36815611,3.270375
04-08-2020,66.82187004,3.911008333
05-08-2020,78.12217834,4.348208333
06-08-2020,83.73038692,4.216683333
07-08-2020,83.80450831,4.42375
08-08-2020,67.59783611,4.228008333
09-08-2020,66.90940439,3.826891667
10-08-2020,70.68643663,4.77865
11-08-2020,80.91626741,5.032291667
12-08-2020,63.18027054,2.374025
13-08-2020,70.54251848,3.296125
14-08-2020,62.43740341,5.338333333
15-08-2020,68.05950151,6.542925
16-08-2020,64.51231562,6.588108333
17-08-2020,83.38144698,5.805491667
18-08-2020,83.27885928,4.6093
19-08-2020,70.80370196,4.504258333
20-08-2020,72.01206975,4.920458333
21-08-2020,60.02388617,5.852966667
22-08-2020,65.39352233,5.7299
23-08-2020,81.24745954,5.770433333
24-08-2020,82.81310078,6.372925
25-08-2020,67.76977824,6.375016667
26-08-2020,63.01606436,5.904958333
27-08-2020,73.65052644,6.356391667
28-08-2020,81.09543452,6.098608333
29-08-2020,64.68213301,6.4524
30-08-2020,76.03943489,4.734875
31-08-2020,82.64278301,6.173716667
01-09-2020,77.2688698,3.607716667
02-09-2020,80.25530527,5.848
03-09-2020,79.11494783,5.022025
04-09-2020,64.27829856,6.7933
05-09-2020,79.50033226,5.315975
06-09-2020,75.98413614,5.303933333
07-09-2020,65.23346652,6.947316667
08-09-2020,83.00012978,5.245983333
09-09-2020,70.81294717,3.982816667
10-09-2020,65.33308202,4.208775
11-09-2020,74.15784385,6.204075
12-09-2020,63.67723912,4.825333333
13-09-2020,77.09746893,3.430558333
14-09-2020,66.50726911,3.86695
15-09-2020,62.09406595,5.83625
16-09-2020,66.69350044,5.193391667
17-09-2020,65.98626146,4.751516667
18-09-2020,65.81474179,3.082125
19-09-2020,71.86334764,1.961641667
20-09-2020,76.09235854,5.438716667
21-09-2020,70.73095945,5.726066667
22-09-2020,72.61577295,5.455016667
23-09-2020,77.03613837,5.434108333
24-09-2020,80.76889776,6.261908333
25-09-2020,80.78640954,3.901775
26-09-2020,71.77520677,3.824825
27-09-2020,70.39030075,3.45985
28-09-2020,60.58774693,3.970241667
29-09-2020,62.84506203,4.564616667
30-09-2020,83.18899003,5.392108333
01-10-2020,62.73674669,4.0125
02-10-2020,73.71892061,2.411141667
03-10-2020,72.4401401,5.345891667
04-10-2020,76.93894479,4.904075
05-10-2020,60.24167536,3.05
06-10-2020,80.87436482,3.399941667
07-10-2020,84.47100223,1.767241667
08-10-2020,84.98011969,4.223466667
09-10-2020,63.67023399,1.825283333
10-10-2020,80.63019308,2.645533333
11-10-2020,75.48120255,2.573858333
12-10-2020,74.21314908,4.169058333
13-10-2020,84.9617997,4.326308333
14-10-2020,67.80043625,2.54325
15-10-2020,69.25622925,2.999
16-10-2020,70.50378529,2.124833333
17-10-2020,69.40774697,2.839691667
18-10-2020,74.01298316,2.898758333
19-10-2020,70.06526772,4.856016667
20-10-2020,63.29134117,4.438566667
21-10-2020,83.25306691,3.001575
22-10-2020,82.907448,5.948458333
23-10-2020,60.71307876,5.029258333
24-10-2020,62.309339,5.099741667
25-10-2020,77.38291574,2.715316667
26-10-2020,78.27408102,5.14175
27-10-2020,69.67418695,3.935491667
28-10-2020,80.49438618,2.206325
29-10-2020,84.92437313,3.794083333
30-10-2020,81.17184293,4.33635
31-10-2020,77.81053225,3.985316667
01-11-2020,66.21683521,4.631875
02-11-2020,82.55276598,3.199641667
03-11-2020,84.68920224,5.397516667
04-11-2020,75.06431608,3.881266667
05-11-2020,74.90404968,5.158883333
06-11-2020,62.56887417,2.401275
07-11-2020,70.66678186,4.188108333
08-11-2020,62.12552221,4.948775
09-11-2020,75.87799173,3.40385
10-11-2020,70.46339039,3.473483333
11-11-2020,81.40364062,3.210316667
12-11-2020,60.88355471,4.436241667
13-11-2020,69.39930931,4.856416667
14-11-2020,73.55679318,5.4906
15-11-2020,84.10658453,4.450458333
16-11-2020,74.71188286,4.598091667
17-11-2020,64.97284081,5.437575
18-11-2020,69.81664739,3.887516667
19-11-2020,62.28045255,3.99265
20-11-2020,79.63375104,4.206191667
21-11-2020,64.55297305,3.515766667
22-11-2020,61.82516432,4.502883333
23-11-2020,62.58018588,3.430041667
24-11-2020,61.50498092,4.42425
25-11-2020,80.42356437,4.824158333
26-11-2020,62.05539273,4.384575
27-11-2020,80.88446781,4.1413
28-11-2020,75.32861428,4.05465
29-11-2020,63.04094468,2.462508333
30-11-2020,62.19627712,3.986191667
01-12-2020,68.55667082,3.422875
02-12-2020,66.13656954,4.100191667
03-12-2020,76.05161584,5.60325
04-12-2020,72.24697723,5.626008333
05-12-2020,77.03525004,5.074833333
06-12-2020,70.84967242,5.420141667
07-12-2020,82.58404325,3.066733333
08-12-2020,79.51818541,4.480466667
09-12-2020,74.40351479,3.3859
10-12-2020,81.67746184,3.428716667
11-12-2020,75.57106335,2.8102
12-12-2020,82.09009491,3.284166667
13-12-2020,75.25616007,2.810166667
14-12-2020,71.20318243,4.296166667
15-12-2020,67.29291394,4.15135
16-12-2020,79.91800065,4.663783333
17-12-2020,80.04062009,4.445075
18-12-2020,76.00328045,3.599541667
19-12-2020,78.98540616,3.687291667
20-12-2020,77.73573139,3.353266667
21-12-2020,72.06306798,4.921075
22-12-2020,64.03572444,2.876825
23-12-2020,82.28081061,3.4587
24-12-2020,83.62682548,4.203441667
25-12-2020,62.18401975,4.012741667
26-12-2020,80.77043024,4.949166667
27-12-2020,66.81759374,4.482958333
28-12-2020,60.11023343,4.528641667
29-12-2020,64.9488999,4.800583333
30-12-2020,77.60357917,2.427341667
31-12-2020,63.36967939,3.629525
01-01-2021,83.66641687,4.504841667
02-01-2021,61.51536333,4.159225
03-01-2021,84.49778453,3.478141667
04-01-2021,78.41415728,3.205775
05-01-2021,80.18236383,5.045083333
06-01-2021,84.90721676,4.277683333
07-01-2021,75.79212097,2.390758333
08-01-2021,64.43049471,4.068308333
09-01-2021,61.68552125,5.202675
10-01-2021,64.24337066,4.364241667
11-01-2021,73.86084303,4.697391667
12-01-2021,60.14697289,5.241525
13-01-2021,82.0148182,5.940891667
14-01-2021,82.79713506,5.53465
15-01-2021,72.91756073,5.472708333
16-01-2021,69.19325224,6.008566667
17-01-2021,81.63869705,5.999541667
18-01-2021,65.7849578,5.196675
19-01-2021,64.93065695,5.446766667
20-01-2021,61.89388664,4.6578
21-01-2021,63.66000166,5.31395
22-01-2021,60.2873887,4.556158333
23-01-2021,75.26188888,3.493283333
24-01-2021,66.90631035,4.582141667
25-01-2021,64.09811909,5.4687
26-01-2021,66.81909322,4.935983333
27-01-2021,63.86066734,4.19625
28-01-2021,69.44407808,5.165466667
29-01-2021,72.42513773,6.486008333
30-01-2021,75.61305069,5.915858333
31-01-2021,66.36006131,5.639083333
01-02-2021,66.92499948,5.1473
02-02-2021,78.79142175,4.57085
03-02-2021,72.96728368,4.772283333
04-02-2021,63.08690837,5.075016667
05-02-2021,80.02004886,5.343283333
06-02-2021,62.85821532,5.711466667
07-02-2021,77.56261296,6.122858333
08-02-2021,77.06022752,5.025025
09-02-2021,68.22388346,4.547383333
10-02-2021,64.14147918,5.219116667
11-02-2021,63.86806783,4.648075
12-02-2021,70.57074642,4.957
13-02-2021,78.76293497,3.220425
14-02-2021,72.81963177,4.30625
15-02-2021,61.69717364,6.015591667
16-02-2021,74.94631074,6.209658333
17-02-2021,75.83144148,5.930958333
18-02-2021,65.74010327,5.744208333
19-02-2021,84.33412207,6.382258333
20-02-2021,76.00995922,5.880091667
21-02-2021,77.80130415,6.058016667
22-02-2021,76.21568108,5.221883333
23-02-2021,81.55455971,4.50345
24-02-2021,66.57206215,5.7723
25-02-2021,79.1301965,5.695466667
26-02-2021,62.73319882,5.393075
27-02-2021,71.44104176,5.281491667
28-02-2021,67.50866074,4.4688
01-03-2021,61.55919588,5.544483333
02-03-2021,65.85289818,5.541141667
03-03-2021,82.27337522,3.62395
04-03-2021,84.91011271,3.492116667
05-03-2021,64.10777168,2.394136241
06-03-2021,64.88061055,3.798924019
07-03-2021,75.19907414,2.735408262
08-03-2021,69.31458217,3.089371597
09-03-2021,72.33920476,3.055165786
10-03-2021,64.00159103,3.627878567
11-03-2021,76.61826401,4.539083967
12-03-2021,83.63222408,2.591562824
13-03-2021,80.61762338,5.292419368
14-03-2021,75.94527618,4.431024888
15-03-2021,76.2216018,5.883403687
16-03-2021,70.78168553,4.570410435
17-03-2021,75.73683378,2.253509217
18-03-2021,73.75455072,4.692892997
19-03-2021,73.13327469,3.644346039
20-03-2021,73.46585282,2.227714066
21-03-2021,61.18568999,5.552725485
22-03-2021,67.66042667,4.773650032
23-03-2021,80.58251206,4.13724155
24-03-2021,81.65893517,5.692629246
25-03-2021,77.53325058,4.949871427
26-03-2021,82.3602677,2.755736898
27-03-2021,69.51553523,4.155358975
28-03-2021,79.12584119,5.604047307
29-03-2021,62.95521726,5.142796085
30-03-2021,62.09502838,2.293150014
31-03-2021,76.89889967,3.053645955
01-04-2021,69.42506407,4.029908446
02-04-2021,64.49132957,3.486734001
03-04-2021,79.09037784,2.402452251
04-04-2021,62.37501073,5.544250301
05-04-2021,66.53188436,4.281675428
20-04-2021,81.18385924,3.316844593
21-04-2021,69.39032767,5.779133295
22-04-2021,83.12971089,2.546229425
23-04-2021,63.64662328,3.139226802
24-04-2021,80.40084625,3.038622696
25-04-2021,71.29094721,4.492467527
26-04-2021,74.64967213,5.732635684
27-04-2021,80.88077081,4.195066667
28-04-2021,78.81450146,4.877116667
29-04-2021,62.46706892,5.0684
30-04-2021,62.42248752,3.99225
01-05-2021,68.60522351,5.365591667
02-05-2021,80.86788128,2.611183333
03-05-2021,74.74476697,5.204808333
04-05-2021,75.74457764,3.592533333
05-05-2021,65.81167319,5.396108333
06-05-2021,77.53399902,4.161741667
07-05-2021,67.72989881,5.448483333
08-05-2021,83.13317573,5.926033333
09-05-2021,83.52568208,3.932033333
10-05-2021,70.6215225,4.729975
11-05-2021,63.54684753,6.520441667
12-05-2021,67.27020355,6.123708333
13-05-2021,72.62914563,5.056091667
14-05-2021,80.58428564,5.725175
15-05-2021,82.62436035,4.051708333
16-05-2021,80.20258609,4.164675
17-05-2021,81.14592307,4.859341667
18-05-2021,73.65865639,5.739525
19-05-2021,63.21525782,5.90975
20-05-2021,74.30238862,6.281358333
21-05-2021,61.43755755,5.852325
22-05-2021,74.3970245,5.981325
23-05-2021,61.58375728,5.256925
24-05-2021,62.42075606,3.089816667
25-05-2021,78.89371378,6.332116667
26-05-2021,61.62369128,6.18565
27-05-2021,72.88497858,5.4784
28-05-2021,72.70578373,3.296966667
29-05-2021,74.99590519,3.667841667
30-05-2021,69.20369021,2.852183333
31-05-2021,78.50826384,2.717125
01-06-2021,68.87633524,3.595508333
02-06-2021,62.88708413,4.808441667
05-06-2021,79.08599954,5.292016667
06-06-2021,72.1702366,5.98765
07-06-2021,79.88007224,4.842283333
08-06-2021,77.29574387,4.506258333
09-06-2021,60.64390862,3.985116667
10-06-2021,66.23325834,3.222533333
11-06-2021,80.90123037,5.855191667
12-06-2021,60.59910905,6.5543
13-06-2021,72.39693681,3.73
14-06-2021,78.76041599,4.535691667
15-06-2021,60.32529965,5.722691667
16-06-2021,70.7694985,3.865775
17-06-2021,66.66965168,4.174416667
18-06-2021,74.27436761,2.655541667
19-06-2021,81.68971449,5.254816667
20-06-2021,80.63315423,4.542575
21-06-2021,74.72682588,5.688958333
22-06-2021,65.53509604,5.361808333
23-06-2021,70.72157983,2.928783333
24-06-2021,64.21049448,4.2413
25-06-2021,68.06328707,5.188091667
26-06-2021,83.84207408,5.100383333
27-06-2021,82.47158407,5.665241667
28-06-2021,77.20580226,5.767216667
29-06-2021,81.55935567,4.787883333
30-06-2021,77.20331671,5.460966667
01-07-2021,84.7699836,4.524466667
02-07-2021,63.20853215,4.662016667
03-07-2021,78.35262338,5.138308333
04-07-2021,84.09817081,5.625883333
05-07-2021,72.89388546,5.828241667
06-07-2021,76.38979995,5.149116667
07-07-2021,81.77536229,4.361525
08-07-2021,67.87960601,5.940125
09-07-2021,64.09475269,4.5078
10-07-2021,62.04101834,4.780541667
11-07-2021,83.8501172,3.1595
12-07-2021,66.35927925,6.798441667
13-07-2021,71.21065978,5.053208333
14-07-2021,72.01887248,5.964591667
15-07-2021,71.57437185,6.168666667
16-07-2021,83.44409415,4.348666667
17-07-2021,66.02987703,6.70605
18-07-2021,63.93345641,6.500833333
19-07-2021,67.30536284,5.047366667
20-07-2021,80.84051944,5.3084
21-07-2021,82.68233834,3.497525
22-07-2021,79.77389156,5.08975
23-07-2021,81.97642408,6.084875
24-07-2021,73.75992663,2.886766667
25-07-2021,75.3427307,4.808008333
26-07-2021,79.79306328,4.709216667
27-07-2021,77.20349712,5.390408333
28-07-2021,67.81317142,4.287058333
29-07-2021,80.48844149,4.798375
30-07-2021,70.92533959,4.6332
31-07-2021,62.05911381,4.0792
01-08-2021,79.36368827,4.747466667
02-08-2021,70.19800096,4.892291667
03-08-2021,65.74414093,4.6983
04-08-2021,68.07518076,4.8834
05-08-2021,63.40334046,4.021166667
06-08-2021,84.49535345,4.851216667
07-08-2021,66.36888991,4.786425
08-08-2021,70.0170831,3.48995
09-08-2021,83.1749803,3.51
10-08-2021,79.33507233,4.23825
11-08-2021,82.35168802,4.308225
12-08-2021,65.77637218,4.453066667
13-08-2021,63.71151119,4.11275
14-08-2021,79.66327505,5.213008333
15-08-2021,63.38929463,2.938925
16-08-2021,74.59443687,4.525633333
17-08-2021,62.29054553,3.796208333
18-08-2021,83.8546115,5.418633333
19-08-2021,68.4681331,4.212283333
20-08-2021,77.56489288,3.27
21-08-2021,74.74532329,5.464258333
22-08-2021,68.92897606,2.443658333
23-08-2021,71.82869702,5.290108333
24-08-2021,72.40950706,5.242925
25-08-2021,82.36793647,5.312208333
26-08-2021,82.15373844,3.7533
27-08-2021,72.53968275,2.890266667
28-08-2021,82.38219236,2.241108333
29-08-2021,66.36015355,3.25835
30-08-2021,61.42860267,3.980583333
31-08-2021,77.40207493,4.432375
01-09-2021,64.40865781,2.569391667
02-09-2021,80.29465385,3.308558333
03-09-2021,77.90887344,4.530558333
04-09-2021,66.732765,4.019216667
05-09-2021,67.97049226,4.879491667
06-09-2021,64.66748956,3.888933333
07-09-2021,81.7510595,3.69335
08-09-2021,80.39380171,4.217616667
09-09-2021,62.48941073,4.225558333
10-09-2021,81.53945804,4.874091667
11-09-2021,65.94349664,3.088991667
12-09-2021,72.39011471,2.655141667
13-09-2021,64.07789615,3.646175
14-09-2021,67.72760076,4.813958333
15-09-2021,62.62414189,3.462341667
16-09-2021,66.31079237,4.521408333
17-09-2021,61.31348544,3.811491667
18-09-2021,60.59317392,5.23085
19-09-2021,63.74431428,5.215608333
20-09-2021,65.55978451,4.301241667
21-09-2021,67.51107754,4.34445
22-09-2021,79.4041274,2.7031
23-09-2021,62.83109169,4.804625
24-09-2021,70.67112172,4.6817
25-09-2021,77.97870097,5.343966667
26-09-2021,74.98673846,4.882691667
27-09-2021,63.63294606,5.157433333
28-09-2021,61.94390546,5.658
29-09-2021,67.48820209,5.717733333
30-09-2021,71.77287282,4.610741667
01-10-2021,68.13106633,4.493766667
02-10-2021,78.00808824,4.409416667
03-10-2021,73.74996126,5.132466667
04-10-2021,64.95592673,4.932991667
05-10-2021,83.04951382,3.22415
06-10-2021,72.53521474,3.982908333
07-10-2021,69.35398286,3.147491667
08-10-2021,61.74004753,5.170041667
09-10-2021,84.90241073,4.65255
10-10-2021,65.29312359,2.8508
11-10-2021,77.21641939,3.419125
12-10-2021,76.95809436,3.139875
13-10-2021,74.05814538,4.831783333
14-10-2021,76.50041062,4.327291667
15-10-2021,60.82624031,4.265508333
16-10-2021,72.27197093,3.625275
17-10-2021,74.67355616,5.127283333
18-10-2021,70.87573011,2.969658333
19-10-2021,84.50975931,4.362266667
20-10-2021,64.46963886,4.224641667
21-10-2021,67.59034876,4.057691667
22-10-2021,73.61139765,4.631066667
23-10-2021,63.96217543,1.684283333
24-10-2021,71.19728865,3.185458333
25-10-2021,84.0496343,2.700216667
26-10-2021,79.21805464,2.478966667
27-10-2021,72.38592453,4.040033333
28-10-2021,70.58115012,4.209466667
29-10-2021,76.91450463,5.584608333
30-10-2021,74.93947759,4.317975
31-10-2021,67.68168661,4.869316667
01-11-2021,76.84541085,4.898133333
02-11-2021,71.37590669,4.362108333
03-11-2021,82.9816221,4.85815
04-11-2021,72.15050345,3.397541667
05-11-2021,83.7984817,5.471958333
06-11-2021,61.25482929,4.818091667
07-11-2021,60.76163335,4.694283333
08-11-2021,84.15277112,4.765308333
09-11-2021,62.40509439,4.7271
10-11-2021,79.26744195,4.8865
11-11-2021,74.53836635,3.369958333
12-11-2021,81.669693,3.554241667
13-11-2021,80.91794711,4.851925
14-11-2021,71.6221836,3.424116667
15-11-2021,82.68891785,4.136958333
16-11-2021,68.22133013,4.197316667
17-11-2021,83.29130553,2.564775
18-11-2021,67.36271671,3.409658333
19-11-2021,60.76667012,3.881258333
20-11-2021,84.41442212,4.682108333
21-11-2021,67.65936027,4.1058
22-11-2021,84.30780523,3.863683333
23-11-2021,76.79133747,4.023341667
24-11-2021,73.69426077,3.707125
25-11-2021,74.50556752,4.752783333
26-11-2021,73.4344085,5.5853
27-11-2021,61.88470526,5.084191667
28-11-2021,73.94051024,4.54415
29-11-2021,71.91667791,4.367208333
30-11-2021,67.59835298,4.724058333
01-12-2021,72.55173801,3.9985
02-12-2021,78.42530629,3.5042
03-12-2021,78.15937955,4.089358333
04-12-2021,66.4821582,4.83185
05-12-2021,78.96544853,4.600666667
06-12-2021,64.23261362,4.306733333
07-12-2021,77.07997793,4.370066667
08-12-2021,78.67499311,4.761333333
09-12-2021,77.50831579,4.948008333
10-12-2021,75.79341306,4.740716667
11-12-2021,60.94602987,4.593716667
12-12-2021,71.51924314,4.543225
13-12-2021,79.55462349,3.3945
14-12-2021,81.67983986,4.994683333
15-12-2021,82.9011479,4.877458333
16-12-2021,70.13312666,5.157525
17-12-2021,63.77418775,4.276675
18-12-2021,73.60969872,4.458325
19-12-2021,66.53974734,4.231091667
20-12-2021,84.68507232,3.60555
21-12-2021,65.38315826,3.376491667
22-12-2021,73.42331297,4.305258333
23-12-2021,70.32226846,5.072183333
24-12-2021,65.7276318,4.640791667
25-12-2021,78.50861245,4.220491667
26-12-2021,77.47733571,3.830216667
27-12-2021,63.24199635,5.159383333
28-12-2021,61.64299846,5.045475
29-12-2021,83.72640889,5.312308333
30-12-2021,65.80764531,4.893833333
31-12-2021,69.18800967,5.666016667
01-01-2022,81.8538076,5.260066667
02-01-2022,65.65051067,4.804358333
03-01-2022,66.47427774,4.666641667
04-01-2022,76.42504312,4.104
05-01-2022,84.29715868,5.32515
06-01-2022,81.47489213,5.388183333
07-01-2022,77.63831073,4.062983333
08-01-2022,69.05185207,5.237983333
09-01-2022,78.23460502,3.7119
10-01-2022,66.30059209,4.431283333
11-01-2022,72.89682864,4.990216667
12-01-2022,73.90059889,4.149233333
13-01-2022,72.13886011,4.318383333
14-01-2022,79.20010713,5.188325
15-01-2022,62.20011401,4.450266667
16-01-2022,80.28306189,4.419858333
17-01-2022,68.12121868,4.836308333
18-01-2022,70.80019178,4.611808333
19-01-2022,83.02552142,4.886116667
20-01-2022,64.04077298,5.199866667
21-01-2022,60.63213688,5.2465
22-01-2022,84.54523677,6.427275
23-01-2022,75.22079782,6.287241667
24-01-2022,67.11032304,5.909541667
25-01-2022,78.31024597,5.74105
26-01-2022,60.29664984,3.948875
27-01-2022,78.85656951,6.092025
28-01-2022,68.94567612,5.41575
29-01-2022,74.73075858,5.110141667
30-01-2022,67.11002873,6.016166667
31-01-2022,75.77677861,5.128958333
01-02-2022,83.96580278,6.368116667
02-02-2022,71.12279493,5.415233333
03-02-2022,73.10165055,4.164808333
04-02-2022,76.74767657,5.839325
05-02-2022,74.90105231,4.187916667
06-02-2022,80.45926838,5.754641667
07-02-2022,84.43258109,5.3176
08-02-2022,72.70172073,4.818283333
09-02-2022,60.08424986,4.7711
10-02-2022,83.91931644,4.87725
11-02-2022,79.65668846,4.700166667
12-02-2022,78.08217373,5.915041667
13-02-2022,82.09957151,4.226183333
14-02-2022,80.13385608,3.431675
15-02-2022,61.82999024,3.580491667
16-02-2022,70.0142312,4.997616667
17-02-2022,83.28806881,5.12505
18-02-2022,72.93344219,
19-02-2022,82.80901823,
20-02-2022,68.36250313,
21-02-2022,71.36819868,
22-02-2022,61.7251071,
23-02-2022,74.42923155,
24-02-2022,73.82318859,
25-02-2022,72.01322331,
26-02-2022,63.55540791,
27-02-2022,60.4253492,
28-02-2022,79.10204234,
01-03-2022,64.19322198,
02-03-2022,78.89950203,
03-03-2022,66.98188831,
04-03-2022,69.41035626,
05-03-2022,67.99813517,
06-03-2022,80.94850319,
07-03-2022,61.79529248,
08-03-2022,62.23306752,
09-03-2022,68.59186344,
10-03-2022,70.3314167,
11-03-2022,73.28192158,
12-03-2022,71.02692361,
13-03-2022,81.83482392,
14-03-2022,84.6320141,
15-03-2022,69.92692102,
16-03-2022,78.8960938,
17-03-2022,64.72382442,
18-03-2022,67.24210793,
19-03-2022,63.24397744,
20-03-2022,81.63273763,
21-03-2022,71.05735294,
22-03-2022,81.63150936,
23-03-2022,71.90614872,
24-03-2022,79.91179805,
